date,price,real_price,anchor_fy,eps,bvps,pe,pb
2016-04-01,0.598599,0.850000,2015,0.100900,0.627000,5.932592,0.954703
2016-05-01,0.683107,0.970000,2015,0.100900,0.627000,6.770134,1.089484
2016-06-01,0.542766,0.750000,2015,0.100900,0.627000,5.379242,0.865655
2016-07-01,0.506581,0.700000,2015,0.100900,0.627000,5.020626,0.807944
2016-08-01,0.506581,0.700000,2015,0.100900,0.627000,5.020626,0.807944
2016-09-01,0.423368,0.580000,2015,0.100900,0.627000,4.195912,0.675227
2016-10-01,0.416068,0.570000,2015,0.100900,0.627000,4.123569,0.663586
2016-11-01,0.459865,0.630000,2015,0.100900,0.627000,4.557629,0.733437
2016-12-01,0.503661,0.690000,2015,0.100900,0.627000,4.991689,0.803288
2017-01-01,0.496362,0.680000,2015,0.100900,0.627000,4.919346,0.791646
2017-02-01,0.474464,0.650000,2015,0.100900,0.627000,4.702316,0.756720
2017-03-01,0.554758,0.760000,2015,0.100900,0.627000,5.498093,0.884781
2017-04-01,0.525560,0.720000,2016,0.059200,0.694000,8.877700,0.757291
2017-05-01,0.562057,0.770000,2016,0.059200,0.694000,9.494206,0.809880
2017-06-01,0.591442,0.800000,2016,0.059200,0.694000,9.990573,0.852222
2017-07-01,0.517512,0.700000,2016,0.059200,0.694000,8.741750,0.745694
2017-08-01,0.584049,0.790000,2016,0.059200,0.694000,9.865690,0.841569
2017-09-01,0.502726,0.680000,2016,0.059200,0.694000,8.491988,0.724389
2017-10-01,0.517512,0.700000,2016,0.059200,0.694000,8.741750,0.745694
2017-11-01,0.517512,0.700000,2016,0.059200,0.694000,8.741750,0.745694
2017-12-01,0.480547,0.650000,2016,0.059200,0.694000,8.117340,0.692430
2018-01-01,0.480547,0.650000,2016,0.059200,0.694000,8.117340,0.692430
2018-02-01,0.480547,0.650000,2016,0.059200,0.694000,8.117340,0.692430
2018-03-01,0.480547,0.650000,2016,0.059200,0.694000,8.117340,0.692430
2018-04-01,0.443581,0.600000,2017,0.022700,0.748000,19.541034,0.593023
2018-05-01,0.421402,0.570000,2017,0.022700,0.748000,18.563980,0.563372
2018-06-01,0.413508,0.550000,2017,0.022700,0.748000,18.216218,0.552818
2018-07-01,0.383435,0.510000,2017,0.022700,0.748000,16.891398,0.512613
2018-08-01,0.360880,0.480000,2017,0.022700,0.748000,15.897788,0.482460
2018-09-01,0.300733,0.400000,2017,0.022700,0.748000,13.248158,0.402050
2018-10-01,0.285696,0.380000,2017,0.022700,0.748000,12.585748,0.381947
2018-11-01,0.300733,0.400000,2017,0.022700,0.748000,13.248158,0.402050
2018-12-01,0.338325,0.450000,2017,0.022700,0.748000,14.904176,0.452306
2019-01-01,0.323288,0.430000,2017,0.022700,0.748000,14.241770,0.432203
2019-02-01,0.281937,0.375000,2017,0.022700,0.748000,12.420147,0.376922
2019-03-01,0.251864,0.335000,2017,0.022700,0.748000,11.095331,0.336717
2019-04-01,0.202995,0.270000,2018,-0.003300,0.700000,,0.289993
2019-05-01,0.178936,0.238000,2018,-0.003300,0.700000,,0.255623
2019-06-01,0.169914,0.226000,2018,-0.003300,0.700000,,0.242735
2019-07-01,0.157885,0.210000,2018,-0.003300,0.700000,,0.225550
2019-08-01,0.151118,0.201000,2018,-0.003300,0.700000,,0.215883
2019-09-01,0.179688,0.239000,2018,-0.003300,0.700000,,0.256697
2019-10-01,0.172922,0.230000,2018,-0.003300,0.700000,,0.247031
2019-11-01,0.156381,0.208000,2018,-0.003300,0.700000,,0.223402
2019-12-01,0.146607,0.195000,2018,-0.003300,0.700000,,0.209439
2020-01-01,0.149615,0.199000,2018,-0.003300,0.700000,,0.213735
2020-02-01,0.127812,0.170000,2018,-0.003300,0.700000,,0.182588
2020-03-01,0.111271,0.148000,2018,-0.003300,0.700000,,0.158959
2020-04-01,0.080446,0.107000,2019,-0.123700,0.494000,,0.162846
2020-05-01,0.105257,0.140000,2019,-0.123700,0.494000,,0.213070
2020-06-01,0.090220,0.120000,2019,-0.123700,0.494000,,0.182631
2020-07-01,0.067665,0.090000,2019,-0.123700,0.494000,,0.136974
2020-08-01,0.071424,0.095000,2019,-0.123700,0.494000,,0.144583
2020-09-01,0.105257,0.140000,2019,-0.123700,0.494000,,0.213070
2020-10-01,0.090220,0.120000,2019,-0.123700,0.494000,,0.182631
2020-11-01,0.115030,0.153000,2019,-0.123700,0.494000,,0.232855
2020-12-01,0.150367,0.200000,2019,-0.123700,0.494000,,0.304386
2021-01-01,0.214272,0.285000,2019,-0.123700,0.494000,,0.433750
2021-02-01,0.191717,0.255000,2019,-0.123700,0.494000,,0.388092
2021-03-01,0.115782,0.154000,2019,-0.123700,0.494000,,0.234377
2021-04-01,0.127812,0.170000,2020,0.033400,0.547000,3.826695,0.233659
2021-05-01,0.172922,0.230000,2020,0.033400,0.547000,5.177293,0.316127
2021-06-01,0.225550,0.300000,2020,0.033400,0.547000,6.752991,0.412340
2021-07-01,0.233068,0.310000,2020,0.033400,0.547000,6.978090,0.426084
2021-08-01,0.218032,0.290000,2020,0.033400,0.547000,6.527890,0.398595
2021-09-01,0.202995,0.270000,2020,0.033400,0.547000,6.077692,0.371106
2021-10-01,0.221791,0.295000,2020,0.033400,0.547000,6.640440,0.405467
2021-11-01,0.176681,0.235000,2020,0.033400,0.547000,5.289842,0.323000
2021-12-01,0.150367,0.200000,2020,0.033400,0.547000,4.501994,0.274893
2022-01-01,0.150367,0.200000,2020,0.033400,0.547000,4.501994,0.274893
2022-02-01,0.142848,0.190000,2020,0.033400,0.547000,4.276893,0.261149
2022-03-01,0.135330,0.180000,2020,0.033400,0.547000,4.051795,0.247404
2022-04-01,0.122549,0.163000,2021,0.008700,0.575000,14.086067,0.213128
2022-05-01,0.135330,0.180000,2021,0.008700,0.575000,15.555166,0.235356
2022-06-01,0.120293,0.160000,2021,0.008700,0.575000,13.826811,0.209206
2022-07-01,0.108418,0.141000,2021,0.008700,0.575000,12.461807,0.188553
2022-08-01,0.058438,0.076000,2021,0.008700,0.575000,6.717003,0.101631
2022-09-01,0.068434,0.089000,2021,0.008700,0.575000,7.865964,0.119015
2022-10-01,0.060745,0.079000,2021,0.008700,0.575000,6.982148,0.105643
2022-11-01,0.053055,0.069000,2021,0.008700,0.575000,6.098331,0.092270
2022-12-01,0.053055,0.069000,2021,0.008700,0.575000,6.098331,0.092270
2023-01-01,0.049980,0.065000,2021,0.008700,0.575000,5.744804,0.086921
2023-02-01,0.066127,0.086000,2021,0.008700,0.575000,7.600819,0.115004
2023-03-01,0.049211,0.064000,2021,0.008700,0.575000,5.656423,0.085584
2023-04-01,0.046135,0.060000,2022,-0.020600,0.507000,,0.090996
2023-05-01,0.076892,0.100000,2022,-0.020600,0.507000,,0.151661
2023-06-01,0.065358,0.085000,2022,-0.020600,0.507000,,0.128912
2023-07-01,0.069972,0.091000,2022,-0.020600,0.507000,,0.138011
2023-08-01,0.058438,0.076000,2022,-0.020600,0.507000,,0.115262
2023-09-01,0.057393,0.071000,2022,-0.020600,0.507000,,0.113201
2023-10-01,0.052543,0.065000,2022,-0.020600,0.507000,,0.103635
2023-11-01,0.056585,0.070000,2022,-0.020600,0.507000,,0.111607
2023-12-01,0.083260,0.103000,2022,-0.020600,0.507000,,0.164221
2024-01-01,0.117211,0.145000,2022,-0.020600,0.507000,,0.231185
2024-02-01,0.112361,0.139000,2022,-0.020600,0.507000,,0.221619
2024-03-01,0.101044,0.125000,2022,-0.020600,0.507000,,0.199298
2024-04-01,0.120444,0.149000,2023,0.035800,0.525000,3.364370,0.229418
2024-05-01,0.105086,0.130000,2023,0.035800,0.525000,2.935356,0.200163
2024-06-01,0.112278,0.126000,2023,0.035800,0.525000,3.136262,0.213863
2024-07-01,0.188912,0.212000,2023,0.035800,0.525000,5.276884,0.359833
2024-08-01,0.167526,0.188000,2023,0.035800,0.525000,4.679501,0.319097
2024-09-01,0.224240,0.239000,2023,0.035800,0.525000,6.263699,0.427125
2024-10-01,0.216734,0.231000,2023,0.035800,0.525000,6.054035,0.412828
2024-11-01,0.234561,0.250000,2023,0.035800,0.525000,6.551986,0.446783
2024-12-01,0.295547,0.315000,2023,0.035800,0.525000,8.255503,0.562947
2025-01-01,0.347150,0.370000,2023,0.035800,0.525000,9.696940,0.661239
2025-02-01,0.304929,0.325000,2023,0.035800,0.525000,8.517582,0.580818
2025-03-01,0.258017,0.275000,2023,0.035800,0.525000,7.207186,0.491461
2025-04-01,0.267400,0.285000,2024,0.078900,0.571000,3.389096,0.468301
2025-05-01,0.272091,0.290000,2024,0.078900,0.571000,3.448554,0.476516
2025-06-01,0.303376,0.310000,2024,0.078900,0.571000,3.845070,0.531307
2025-07-01,0.238786,0.244000,2024,0.078900,0.571000,3.026443,0.418190
2025-08-01,0.224107,0.229000,2024,0.078900,0.571000,2.840391,0.392481
2025-09-01,0.246000,0.246000,2024,0.078900,0.571000,3.117871,0.430823
2025-10-01,0.234000,0.234000,2024,0.078900,0.571000,2.965779,0.409807
2025-11-01,0.233000,0.233000,2024,0.078900,0.571000,2.953105,0.408056
2025-12-01,0.203000,0.203000,2024,0.078900,0.571000,2.572877,0.355517
2026-01-01,0.200000,0.200000,2024,0.078900,0.571000,2.534854,0.350263
2026-02-01,0.189000,0.189000,2024,0.078900,0.571000,2.395437,0.330998
2026-03-01,0.155000,0.155000,2024,0.078900,0.571000,1.964512,0.271454
2026-04-01,0.153000,0.153000,2025,0.034500,0.617000,4.434783,0.247974
