Date,Open,High,Low,Close,Volume,Dividends,Stock Splits
2020-07-01 00:00:00+08:00,228.11118087080104,267.27781406869093,227.71753738690435,236.96795654296875,105058256,0.0,0.0
2020-08-01 00:00:00+08:00,241.1011077998546,317.46619937876517,233.03160433790922,305.65716552734375,107829783,0.0,0.0
2020-09-01 00:00:00+08:00,301.52400376671875,331.83387655418977,275.3473050058797,289.12451171875,94109301,0.0,0.0
2020-10-01 00:00:00+08:00,289.1244927688656,320.81207814436095,289.1244927688656,310.1839599609375,69608037,0.0,0.0
2020-11-01 00:00:00+08:00,311.9553113969092,362.3405345879817,295.2258467478636,333.2115783691406,160431966,0.0,0.0
2020-12-01 00:00:00+08:00,328.2911260692393,338.1319869823944,297.39082880831705,336.7542724609375,143713560,0.0,0.0
2021-01-01 00:00:00+08:00,336.75428056428984,383.5967556125441,328.48793317278626,340.2969665527344,126255669,0.0,0.0
2021-02-01 00:00:00+08:00,338.9192469233026,416.07159117733437,338.52561848958334,354.27099609375,98420482,0.0,0.0
2021-03-01 00:00:00+08:00,357.223229165403,382.4158375592098,293.2576371660884,316.8757019042969,139724723,0.0,0.0
2021-04-01 00:00:00+08:00,323.3707063930023,332.8179391909623,279.4804592507587,294.044921875,98204210,0.0,0.0
2021-05-01 00:00:00+08:00,294.24174710193057,297.7844631068672,256.8464748949963,286.5658874511719,100775502,0.0,0.0
2021-06-01 00:00:00+08:00,289.3213404111999,304.6730910108327,268.261901911464,300.5399169921875,94641483,0.0,0.0
2021-07-01 00:00:00+08:00,300.5398783379547,300.5398783379547,234.4092977526087,272.1982116699219,123991238,0.0,0.0
2021-08-01 00:00:00+08:00,274.7568618695697,301.91761526540336,232.63795712451528,301.52398681640625,118839020,0.0,0.0
2021-09-01 00:00:00+08:00,302.11444490014867,320.6152523144885,271.6077745682118,278.6932067871094,103904615,0.0,0.0
2021-10-01 00:00:00+08:00,278.69320257155147,329.47202258850115,263.7350814609937,305.4603271484375,70095903,0.0,0.0
2021-11-01 00:00:00+08:00,299.35901373766904,359.1914386245499,291.48632467192544,334.3924560546875,103338522,0.0,0.0
2021-12-01 00:00:00+08:00,327.89753278254454,339.5097378918724,244.05337680343294,269.6396179199219,174410865,0.0,0.0
2022-01-01 00:00:00+08:00,271.80459541236473,303.2953509112316,241.1010967881996,275.1504821777344,156965390,0.0,0.0
2022-02-01 00:00:00+08:00,275.1504949106446,299.94944799444795,263.3414610520927,274.7568664550781,92436842,0.0,0.0
2022-03-01 00:00:00+08:00,277.5122876289563,286.959520448242,157.5521948340301,230.27615356445312,407983426,0.0,0.0
2022-04-01 00:00:00+08:00,222.7971274095455,281.4486756049311,192.0936385285642,261.3733215332031,194249194,0.0,0.0
2022-05-01 00:00:00+08:00,261.3732909725081,261.3732909725081,186.3859133181014,222.40347290039062,307416754,4.935609,0.0
2022-06-01 00:00:00+08:00,220.3014620790779,271.626191229061,213.9845802154118,249.51707458496094,358641112,0.0,0.0
2022-07-01 00:00:00+08:00,249.51705325981433,266.29627021741976,225.82872570465412,230.7637939453125,130521078,0.0,0.0
2022-08-01 00:00:00+08:00,227.01313844785102,251.29368014957004,209.8391070417016,243.594970703125,177792486,0.0,0.0
2022-09-01 00:00:00+08:00,242.80538037486218,245.96382133509124,193.25729357065543,196.02093505859375,136988549,0.0,0.0
2022-10-01 00:00:00+08:00,193.94817727410106,212.9975432449561,137.09618646110385,143.21568298339844,218359093,0.0,0.0
2022-11-01 00:00:00+08:00,147.55854974417468,225.63134028190132,145.09101546751626,215.95860290527344,256011526,0.0,0.0
2022-12-01 00:00:00+08:00,221.09104778197698,238.8572926930287,210.23389811411207,217.34039306640625,156025492,0.0,0.0
2023-01-01 00:00:00+08:00,217.34041160263035,255.24174634839602,208.8521029020128,228.59237670898438,151099634,0.0,0.0
2023-02-01 00:00:00+08:00,229.3819754801964,239.4495271644408,169.07544807112959,171.44427490234375,212313207,0.0,0.0
2023-03-01 00:00:00+08:00,171.83909222860495,189.7040312697591,143.8078939434964,169.766357421875,313504886,0.0,0.0
2023-04-01 00:00:00+08:00,169.3715652120775,169.96376442460524,129.89101528484588,134.13516235351562,176651288,2.428633,0.0
2023-05-01 00:00:00+08:00,134.3806399423367,147.53194974071397,121.32821818510833,124.49244689941406,233069580,0.0,0.0
2023-06-01 00:00:00+08:00,126.86561611327667,157.6179107803456,126.17343754810415,130.91976928710938,201815052,0.0,0.0
2023-07-01 00:00:00+08:00,132.9962933461082,162.66089409245203,130.02983327147382,158.01344299316406,168709892,0.0,0.0
2023-08-01 00:00:00+08:00,158.2112055663303,161.67207568809377,126.37120346374559,127.36002349853516,196574538,0.0,0.0
2023-09-01 00:00:00+08:00,127.36002590449752,134.6772882648924,109.46237690142281,113.81318664550781,201941201,0.0,0.0
2023-10-01 00:00:00+08:00,113.81319301642476,118.65841305846517,92.30635564957795,98.68424987792969,259966609,0.0,0.0
2023-11-01 00:00:00+08:00,98.09094503083018,111.73666461166381,96.11330494920782,105.50709533691406,207785260,0.0,0.0
2023-12-01 00:00:00+08:00,105.30933583577475,112.23107621934679,95.52001578447461,111.24225616455078,226500401,0.0,0.0
2024-01-01 00:00:00+08:00,111.24225414320935,112.23107418003788,80.63827702100569,85.82958221435547,224098629,0.0,0.0
2024-02-01 00:00:00+08:00,86.52176150847647,95.52002319653823,82.66536148670745,88.05443572998047,184440503,0.0,0.0
2024-03-01 00:00:00+08:00,87.75778152270976,109.75902815798065,81.67653656189384,106.69368743896484,295730755,0.0,0.0
2024-04-01 00:00:00+08:00,107.38585191935039,120.63604160438986,94.63007224088629,113.51654052734375,198396789,2.977034,0.0
2024-05-01 00:00:00+08:00,114.51014668628356,137.72970969977933,111.8309619709395,113.02171325683594,282519212,0.0,0.0
2024-06-01 00:00:00+08:00,114.8078335857472,121.05925727661791,101.31270478049936,102.50345611572266,189302217,0.0,0.0
2024-07-01 00:00:00+08:00,99.52658534264349,112.02942467760015,98.38545152881404,103.19805145263672,168676112,0.0,0.0
2024-08-01 00:00:00+08:00,101.21347530460287,114.01400457782722,93.92015286294283,106.37337493896484,327846628,0.0,0.0
2024-09-01 00:00:00+08:00,105.18263080507414,169.28450431442906,99.42735175166523,165.81149291992188,345316901,0.0,0.0
2024-10-01 00:00:00+08:00,166.90300064722908,190.81717072614435,148.14874529187233,154.30093383789062,452119460,0.0,0.0
2024-11-01 00:00:00+08:00,157.77395197428885,160.55236421967186,127.80682701746096,142.691162109375,261842264,0.0,0.0
2024-12-01 00:00:00+08:00,144.87419077327144,160.353904884949,133.1651778058362,134.85206604003906,222802663,0.0,0.0
2025-01-01 00:00:00+08:00,131.87519753661456,158.36932504406067,125.62378159259997,155.78936767578125,204335213,0.0,0.0
2025-02-01 00:00:00+08:00,151.22482172161307,168.5898774047897,146.06492248969457,159.36160278320312,334097803,0.0,0.0
2025-03-01 00:00:00+08:00,160.0562183513709,179.40585380581186,153.1101953677254,159.56007385253906,316325594,0.0,0.0
2025-04-01 00:00:00+08:00,159.75852942736174,162.53694166301983,121.15848570999192,126.91376495361328,415105217,3.91715,0.0
2025-05-01 00:00:00+08:00,128.12493233397845,142.56014261288638,120.4593409481284,128.32403564453125,329993360,0.0,0.0
2025-06-01 00:00:00+08:00,126.43253399271026,134.89455398434836,121.15621260686115,127.3285140991211,290935890,0.0,0.0
2025-07-01 00:00:00+08:00,130.91242445332037,135.0936547437457,119.9615752595065,122.3508529663086,329959392,0.0,0.0
2025-08-01 00:00:00+08:00,122.350853912819,126.93029845568883,114.28704823587144,117.27364349365234,309451638,0.0,0.0
2025-09-01 00:00:00+08:00,119.96157754285241,141.96283559998437,118.56783155441396,137.8811492919922,403631319,0.0,0.0
2025-10-01 00:00:00+08:00,140.66863533819225,143.1574646428644,122.74906434455269,127.02984619140625,237663599,0.0,0.0
2025-11-01 00:00:00+08:00,127.82626790821537,128.32403377264083,109.60804182742602,115.97944641113281,246406403,0.0,0.0
2025-12-01 00:00:00+08:00,115.18301884721393,117.6718481878651,109.40893933408587,110.90223693847656,171620884,0.0,0.0
2026-01-01 00:00:00+08:00,111.79821446099491,119.86201982105494,110.50402019536,111.89776611328125,238829922,0.0,0.0
2026-02-01 00:00:00+08:00,111.49955732704314,112.19642652221532,103.13708900845398,103.93351745605469,180596072,0.0,0.0
2026-03-01 00:00:00+08:00,102.44021851872728,115.78034547797797,95.47149627385201,112.6941909790039,340885813,0.0,0.0
2026-04-01 00:00:00+08:00,114.4000015258789,124.30000305175781,109.5999984741211,116.30000305175781,183766638,3.91715,0.0
